역명,어린이_해당역,일반_해당역,어린이_전체,일반_전체,z통계량,p값,어린이비율,일반비율,어린이_더많음,유의미
잠실(송파구청),17678,114528,267473,3676074,96.91815308646584,0.0,0.06609265234247942,0.03115497674965194,True,True
경복궁(정부서울청사),8879,83901,267473,3676074,34.17051664967046,6.630436248641495e-256,0.033195873976064875,0.022823534020261833,True,True
어린이대공원(세종대),792,3444,267473,3676074,30.855748424654006,4.690395942102936e-209,0.0029610465355381665,0.0009368690619394496,True,True
이태원,2398,57386,267473,3676074,-27.15628626853227,2.134199794486443e-162,0.008965390899268337,0.0156106759548366,False,True
신사,1842,46700,267473,3676074,-26.343219121256624,6.137910024527686e-153,0.006886676412198614,0.012703770381118551,False,True
아차산(어린이대공원후문),399,1401,267473,3676074,25.963480624596194,1.2807814336939456e-148,0.0014917393531309702,0.00038111311143355654,True,True
성수,3289,70809,267473,3676074,-25.615550197558086,1.0238174268330472e-144,0.012296568251748775,0.01926212584403905,False,True
강남,2504,56112,267473,3676074,-24.355992122701565,5.008933916070833e-131,0.009361692582055011,0.015264110570135422,False,True
한강진,1051,27628,267473,3676074,-21.075437203339234,1.336660072691538e-98,0.003929368571781077,0.007515626725686154,False,True
김포공항,1377,31515,267473,3676074,-18.803715405072527,7.040727515635667e-79,0.005148183181106131,0.008573004787172402,False,True
뚝섬,886,21944,267473,3676074,-17.48717671203991,1.7942886613732838e-68,0.0033124838768772923,0.005969411932403973,False,True
자양(뚝섬한강공원),506,3121,267473,3676074,17.177075182017486,3.942962082269108e-66,0.001891779731038273,0.0008490035837145825,True,True
서울역,11424,183662,267473,3676074,-16.695907382444123,1.4036884034791417e-62,0.04271085305806568,0.04996145344190569,False,True
선릉,722,17987,267473,3676074,-15.940706613218524,3.305943485069505e-57,0.0026993378770941365,0.004892991816813263,False,True
신흥,67,126,267473,3676074,15.43311732143603,9.801912901311321e-54,0.0002504925730821429,3.427569738802864e-05,True,True
압구정,1780,35289,267473,3676074,-15.238011721927544,1.9779847276081682e-52,0.006654877314719617,0.009599643532747164,False,True
봉천,219,1063,267473,3676074,14.669402874873086,1.0123199060004997e-48,0.0008187742314177506,0.000289167193043448,True,True
면목,100,306,267473,3676074,14.303083914774378,2.093240307502244e-46,0.0003738695120628998,8.32409793709267e-05,True,True
명동,32480,415253,267473,3676074,13.334244704240927,1.463291972979604e-40,0.12143281751802985,0.11296100132913538,True,True
역삼,970,20427,267473,3676074,-13.120229591299271,2.5216981948021732e-39,0.0036265342670101283,0.005556743417025881,False,True
신당,651,14734,267473,3676074,-12.60925031529437,1.877706195562951e-36,0.0024338905235294778,0.004008080359644555,False,True
신설동,791,17005,267473,3676074,-12.43061344480849,1.782611100299875e-35,0.0029573078404175374,0.004625859000662119,False,True
구파발,261,1603,267473,3676074,12.399195407793197,2.639606828758912e-35,0.0009757994264841685,0.0004360630389921422,True,True
청담,246,7377,267473,3676074,-12.357636312469392,4.429916217090392e-35,0.0009197189996747335,0.0020067604732657723,False,True
신길,126,4800,267473,3676074,-11.799637072401936,3.9199843302991684e-32,0.00047107558519925375,0.0013057408528772815,False,True
삼성(무역센터),8325,100235,267473,3676074,11.773231895493344,5.362979497968136e-32,0.03112463687923641,0.027266861330865484,True,True
방화,75,251,267473,3676074,11.650070015987158,2.2927037318944133e-31,0.00028040213404717485,6.827936543170784e-05,True,True
한양대,78,3667,267473,3676074,-11.443632856705776,2.5306240166248897e-30,0.0002916182194090618,0.0009975316057293732,False,True
장한평,506,11140,267473,3676074,-10.477736404878579,1.0932916531087816e-25,0.001891779731038273,0.003030406896052691,False,True
마포,1433,14983,267473,3676074,9.940364186943219,2.7780960347110544e-23,0.005357550107861354,0.004075815666387565,True,True
답십리,110,3724,267473,3676074,-9.641744056672472,5.327502308453443e-22,0.0004112564632691898,0.001013037278357291,False,True
마장,449,3855,267473,3676074,9.527398263851728,1.6127430711093084e-21,0.0016786741091624202,0.0010486731224670668,True,True
강변(동서울터미널),333,7733,267473,3676074,-9.489586670226105,2.3195214844494475e-21,0.0012449854751694564,0.0021036029198541707,False,True
신림,175,4889,267473,3676074,-9.421178208451908,4.460542968884533e-21,0.0006542716461100746,0.0013299514645243812,False,True
광나루(장신대),97,3365,267473,3676074,-9.318985539007842,1.1745793538267555e-20,0.0003626534267010128,0.0009153787437358443,False,True
우장산,52,198,267473,3676074,8.81470429220573,1.2000137028624777e-18,0.0001944121462727079,5.386181018118786e-05,True,True
광화문(세종문화회관),2627,30254,267473,3676074,8.739874555624361,2.3336941146380903e-18,0.009821552081892377,0.008229975783947767,True,True
신촌,1871,31548,267473,3676074,-8.644270597814227,5.4150088444801974e-18,0.006995098570696855,0.008581981755535933,False,True
동대문,6774,83778,267473,3676074,8.453767406742282,2.820509161941627e-17,0.025325920747140834,0.022790074410906854,True,True
합정,2284,37526,267473,3676074,-8.336694634525092,7.639601837873293e-17,0.008539179655516631,0.010208173176056847,False,True
공덕,2665,31168,267473,3676074,8.04012479992901,8.974702034423947e-16,0.00996362249647628,0.008478610604683148,True,True
청구,136,3687,267473,3676074,-7.934422746247736,2.114766071174382e-15,0.0005084625364055438,0.0010029721926163619,False,True
논현,90,2802,267473,3676074,-7.853087699022775,4.059176132147306e-15,0.00033648256085660983,0.0007622262228671131,False,True
동대입구,954,16892,267473,3676074,-7.6508650034229,1.996318332358171e-14,0.003566715145080064,0.004595119684750634,False,True
상계,50,221,267473,3676074,7.639014825752191,2.1889010481873823e-14,0.0001869347560314499,6.011848510122484e-05,True,True
상수,873,15537,267473,3676074,-7.467010825606625,8.203702152514552e-14,0.0032638808403091155,0.004226519923157151,False,True
종로3가,6429,97073,267473,3676074,-7.404530354719837,1.3161542120803192e-13,0.024036070930523828,0.026406704544032576,False,True
종로5가,5403,82212,267473,3676074,-7.330949495077834,2.285277822854029e-13,0.020200169736758478,0.02236407645765564,False,True
사당,382,7570,267473,3676074,-7.024526449024234,2.147934874127084e-12,0.0014281815360802773,0.002059262136725213,False,True
안암(고대병원앞),73,2206,267473,3676074,-6.79769346725994,1.0630734023800985e-11,0.00027292474380591683,0.0006000967336348506,False,True
안국,8717,111292,267473,3676074,6.731063697283737,1.684272075482494e-11,0.032590205366522976,0.03027468979133717,True,True
새절(신사),76,470,267473,3676074,6.632676278147195,3.296542785270555e-11,0.00028414082916780386,0.00012785379184423383,True,True
홍제,116,2921,267473,3676074,-6.496430612641551,8.224802336591941e-11,0.00043368863399296376,0.0007945977148446958,False,True
성신여대입구(돈암),1191,13477,267473,3676074,6.4526097167631695,1.0994023311861445e-10,0.0044527858886691364,0.0036661394737973175,True,True
강남구청,72,2055,267473,3676074,-6.233259617174949,4.5682813676911344e-10,0.0002691860486852879,0.0005590203026380862,False,True
노원,274,5510,267473,3676074,-6.1909012903161695,5.982116424468539e-10,0.0010244024630523454,0.0014988816873653795,False,True
학동,215,4497,267473,3676074,-6.063416835366707,1.3325970193571147e-09,0.0008038194509352346,0.0012233159615394032,False,True
용두(동대문구청),162,1353,267473,3676074,6.054513409702571,1.4084274266541074e-09,0.0006056686095418977,0.00036805570290478375,True,True
당산,50,1596,267473,3676074,-6.043640193949008,1.506753302098941e-09,0.0001869347560314499,0.0004341588335816961,False,True
숙대입구(갈월),866,14644,267473,3676074,-5.950526518675512,2.672812600559445e-09,0.003237709974464712,0.003983597718653107,False,True
약수,370,6957,267473,3676074,-5.904097348369702,3.545827512207637e-09,0.0013833171946327292,0.00189250814863901,False,True
올림픽공원(한국체대),91,2284,267473,3676074,-5.721136651494068,1.0581374641383946e-08,0.00034022125597723884,0.0006213150224941065,False,True
녹번,116,922,267473,3676074,5.629256613450622,1.8098796183713734e-08,0.00043368863399296376,0.00025081105549017786,True,True
독바위,35,178,267473,3676074,5.600872518551823,2.1327554658272943e-08,0.00013085432922201493,4.8421223294199194e-05,True,True
종각,2570,39443,267473,3676074,-5.4532053382817525,4.946988867051286e-08,0.009608446460016525,0.010729653429174712,False,True
장지,154,1339,267473,3676074,5.428988616539022,5.6674298330872765e-08,0.0005757590485768657,0.0003642472920838917,True,True
왕십리(성동구청),344,6352,267473,3676074,-5.358436069090635,8.39454303816189e-08,0.0012861111214963754,0.0017279303953076025,False,True
신대방,73,1861,267473,3676074,-5.262181495257554,1.423561344050344e-07,0.00027292474380591683,0.000506246609834296,False,True
낙성대(강감찬),53,1492,267473,3676074,-5.2411291614185425,1.5959694996057652e-07,0.00019815084139333689,0.000405867781769355,False,True
상봉,121,1011,267473,3676074,5.22790862761895,1.7143819336971558e-07,0.00045238210959610875,0.0002750216671372774,True,True
교대(법원.검찰청),455,8028,267473,3676074,-5.202870604769776,1.962335059162103e-07,0.001701106279886194,0.0021838515764372535,False,True
시청,11909,156171,267473,3676074,5.045226518475066,4.529843875301248e-07,0.04452412019157074,0.0424830947363954,True,True
강일,20,85,267473,3676074,4.998335403116074,5.782733736925217e-07,7.477390241257996e-05,2.312249426970186e-05,True,True
대청,65,469,267473,3676074,4.953617156518674,7.284646449939153e-07,0.00024301518284088486,0.0001275817624998844,True,True
혜화,769,12663,267473,3676074,-4.8821546377335725,1.049329143913794e-06,0.0028750565477636994,0.0034447075874968784,False,True
구로디지털단지,676,11233,267473,3676074,-4.808072841724071,1.5239224180712356e-06,0.0025273579015452027,0.0030557056250771885,False,True
하남검단산,86,688,267473,3676074,4.78973737334625,1.6699973903809374e-06,0.00032152778037409385,0.00018715618891241035,True,True
하계,31,173,267473,3676074,4.779246925795223,1.759529927701101e-06,0.00011589954873949895,4.706107657245202e-05,True,True
가산디지털단지,370,3927,267473,3676074,4.768443209378838,1.8565499134256409e-06,0.0013833171946327292,0.001068259235260226,True,True
신용산,1124,17860,267473,3676074,-4.733580184604954,2.205937583071226e-06,0.004202293315586994,0.004858444090080885,False,True
창동,71,545,267473,3676074,4.682429643474621,2.8349450459492503e-06,0.00026544735356465887,0.00014825599267044134,True,True
강동,25,838,267473,3676074,-4.540195897799799,5.620198567640841e-06,9.346737801572496e-05,0.0002279605905648254,False,True
상도,6,420,267473,3676074,-4.411525280717114,1.026449668097214e-05,2.243217072377399e-05,0.00011425232462676213,False,True
목동,131,1204,267473,3676074,4.403908259515847,1.0631791763899043e-05,0.0004897690608023987,0.0003275233305967181,True,True
충무로,6627,86224,267473,3676074,4.349849325264201,1.3623110576489178e-05,0.02477633256440837,0.023455458187185568,True,True
마곡,25,807,267473,3676074,-4.334056794712734,1.463863822549499e-05,9.346737801572496e-05,0.00021952768088999298,False,True
송정,74,1659,267473,3676074,-4.1605925050492525,3.17423012705586e-05,0.00027666343892654584,0.00045129668227571044,False,True
충정로(경기대입구),328,5705,267473,3676074,-4.160346605337495,3.177649814620783e-05,0.0012262919995663115,0.001551927409513519,False,True
까치산,151,1461,267473,3676074,4.12796339773701,3.659903531407524e-05,0.0005645429632149787,0.0003974348720945226,True,True
신도림,200,3701,267473,3676074,-4.114608432660518,3.8783721395646796e-05,0.0007477390241257996,0.001006780603437254,False,True
미사,82,701,267473,3676074,4.106808304527918,4.0116389123166415e-05,0.00030657299989157787,0.00019069257038895298,True,True
월드컵경기장(성산),221,4024,267473,3676074,-4.086962654467188,4.370574391931034e-05,0.0008262516216590085,0.001094646081662121,False,True
아현,140,2712,267473,3676074,-3.9809784925014027,6.863215970014604e-05,0.0005234173168880597,0.0007377435818756641,False,True
천왕,29,187,267473,3676074,3.8831359915428547,0.00010311785710469715,0.00010842215849824094,5.086948739334409e-05,True,True
마들,15,74,267473,3676074,3.7787135734790342,0.0001576406179632215,5.608042680943497e-05,2.013017148185809e-05,True,True
용답,17,567,267473,3676074,-3.7211986609368957,0.0001982793732704909,6.355781705069297e-05,0.0001542406382461289,False,True
고속터미널,2776,40996,267473,3676074,-3.6865189007300034,0.0002273425642977618,0.010378617654866099,0.011152115000949382,False,True
을지로입구,15999,213622,267473,3676074,3.633332085510418,0.0002797845482907614,0.05981538323494334,0.05811145259861472,True,True
신풍,42,328,267473,3676074,3.4952524584274407,0.00047361354754538827,0.00015702519506641792,8.922562494661425e-05,True,True
하남풍산,24,157,267473,3676074,3.4656611791323195,0.0005289293829167448,8.972868289509596e-05,4.2708607062861085e-05,True,True
용마산(용마폭포공원),34,255,267473,3676074,3.3685048368868644,0.0007557707093327577,0.00012711563410138595,6.936748280910559e-05,True,True
장승배기,5,279,267473,3676074,-3.3659307839839485,0.0007628584778242115,1.869347560314499e-05,7.5896187073492e-05,False,True
잠실새내,371,4273,267473,3676074,3.2711137425224956,0.00107124815320054,0.0013870558897533583,0.00116238138840513,True,True
보라매,10,370,267473,3676074,-3.2182311025311954,0.0012898384743788248,3.738695120628998e-05,0.00010065085740929045,False,True
효창공원앞,48,1056,267473,3676074,-3.2177312508840323,0.001292088223406299,0.00017945736579019192,0.00028726298763300195,False,True
광흥창(서강),66,1355,267473,3676074,-3.205709615281656,0.0013472987669355496,0.0002467538779615139,0.0003685997615934826,False,True
숭실대입구(살피재),32,775,267473,3676074,-3.183176957575693,0.0014566855849961237,0.00011963824386012794,0.0002108227418708111,False,True
대흥(서강대앞),57,1201,267473,3676074,-3.176476050065653,0.0014907609824655384,0.0002131056218758529,0.0003267072425636698,False,True
동작(현충원),46,999,267473,3676074,-3.061000641528065,0.0022059862176015458,0.0001719799755489339,0.0002717573150050842,False,True
가락시장,103,1040,267473,3676074,2.9972082026094142,0.0027246455937328636,0.0003850855974247868,0.000282910518123411,True,True
문래,197,2169,267473,3676074,2.9872175578419755,0.002815292986426483,0.0007365229387639126,0.0005900316478939216,True,True
을지로3가,7540,100120,267473,3676074,2.923797614671782,0.003457894903497644,0.028189761209542644,0.0272355779562653,True,True
태릉입구,14,416,267473,3676074,-2.908610988932724,0.003630382861998178,5.234173168880597e-05,0.0001131642072493644,False,True
독립문,100,1844,267473,3676074,-2.8738280627657353,0.004055296659507719,0.0003738695120628998,0.0005016221109803557,False,True
중계,30,238,267473,3676074,2.8722450935230133,0.004075667356475162,0.00011216085361886994,6.474298395516521e-05,True,True
신대방삼거리,10,333,267473,3676074,-2.848432470693352,0.004393517628241861,3.738695120628998e-05,9.058577166836141e-05,False,True
건대입구,1005,15132,267473,3676074,-2.8077372857019642,0.004989090929590537,0.003757388596232143,0.00411634803869563,False,True
발산,345,5507,267473,3676074,-2.7009469716486163,0.006914236159469453,0.0012898498166170043,0.0014980655993323312,False,True
서울대입구(관악구청),150,2585,267473,3676074,-2.700775059007545,0.006917810819195481,0.0005608042680943497,0.000703195855143286,False,True
중곡,45,408,267473,3676074,2.667525166668242,0.0076412166100455,0.00016824128042830492,0.00011098797249456894,True,True
제기동,189,3148,267473,3676074,-2.5713496851502375,0.010130298119164707,0.0007066133777988806,0.0008563483760120171,False,True
버티고개,27,607,267473,3676074,-2.527563582740231,0.011485702452783532,0.00010094476825698295,0.00016512181202010625,False,True
미아(서울사이버대학),86,893,267473,3676074,2.491426153667058,0.01272314125909341,0.00032152778037409385,0.00024292220450404425,True,True
이촌(국립중앙박물관),1403,18005,267473,3676074,2.479527731471409,0.013155649964591641,0.005245389254242484,0.004897888345011553,True,True
온수(성공회대입구),28,240,267473,3676074,2.3863614489094025,0.017016017771277273,0.00010468346337761194,6.528704264386408e-05,True,True
광명사거리,52,507,267473,3676074,2.3694834499450215,0.017812952294233696,0.0001944121462727079,0.00013791887758516285,True,True
길음,49,951,267473,3676074,-2.3678611915535623,0.017891246953933772,0.0001831960609108209,0.0002586999064763114,False,True
무악재,32,286,267473,3676074,2.3265126639557505,0.01999121767504578,0.00011963824386012794,7.780039248393803e-05,True,True
을지로4가,4588,65314,267473,3676074,-2.3242059970806888,0.02011445604742362,0.017153133213445842,0.01776732459683891,False,True
길동,51,973,267473,3676074,-2.2936934574286014,0.021808112826297413,0.0001906734511520789,0.00026468455205199895,False,True
대림(구로구청),511,7788,267473,3676074,-2.2674131024564974,0.023365001828563804,0.001910473206641418,0.0021185645337933896,False,True
이수,46,886,267473,3676074,-2.2426619577579165,0.02491862157212287,0.0001719799755489339,0.00024101799909359822,False,True
고덕,33,303,267473,3676074,2.2154226033687094,0.026731071296347813,0.00012337693898075694,8.242489133787839e-05,True,True
돌곶이,36,341,267473,3676074,2.136390385779304,0.032647607049413156,0.00013459302434264394,9.276200642315688e-05,True,True
모란,24,210,267473,3676074,2.1134317688968753,0.03456382922949207,8.972868289509596e-05,5.712616231338107e-05,True,True
마포구청,135,2223,267473,3676074,-2.0425784529276676,0.041094185896270764,0.0005047238412849148,0.000604721232488791,False,True
상월곡(한국과학기술연구원),21,182,267473,3676074,2.0185616834937057,0.04353279690248979,7.851259753320896e-05,4.9509340671596926e-05,True,True
옥수,103,1734,267473,3676074,-2.004302225873416,0.04503769558751283,0.0003850855974247868,0.000471698883101918,False,True
도봉산,12,92,267473,3676074,1.9289065929712352,0.053742459209167044,4.486434144754798e-05,2.5026699680147896e-05,True,False
내방,52,938,267473,3676074,-1.9148076697601069,0.05551703599845135,0.0001944121462727079,0.0002551635249997688,False,False
송파,25,235,267473,3676074,1.816675330534209,0.06926684127552918,9.346737801572496e-05,6.392689592211691e-05,True,False
신정(은행정),47,490,267473,3676074,1.8154702150624598,0.06945167918886003,0.0001757186706695629,0.0001332943787312225,True,False
남부터미널(예술의전당),571,8478,267473,3676074,-1.789445440150069,0.07354310681844721,0.002134794913879158,0.0023062647813944987,False,False
잠원,87,1454,267473,3676074,-1.7752098510899206,0.0758632437577502,0.0003252664754947228,0.00039553066668407655,False,False
창신,20,411,267473,3676074,-1.768775696354459,0.07693131412119376,7.477390241257996e-05,0.00011180406052761724,False,False
둔촌동,94,1557,267473,3676074,-1.7601882818127235,0.07837588816997612,0.0003514373413391258,0.0004235496891520682,False,False
수유(강북구청),164,2595,267473,3676074,-1.7519288907946402,0.07978603600872584,0.0006131459997831557,0.0007059161485867804,False,False
거여,10,77,267473,3676074,1.7478225834064152,0.08049475351425817,3.738695120628998e-05,2.0946259514906393e-05,True,False
청량리(서울시립대입구),300,4563,267473,3676074,-1.702557724600419,0.08865086719813547,0.0011216085361886994,0.001241269898266466,False,False
봉화산(서울의료원),7,49,267473,3676074,1.7015882863187317,0.08883257488438935,2.6170865844402986e-05,1.332943787312225e-05,True,False
강동구청,47,501,267473,3676074,1.670399919110213,0.09484026565184908,0.0001757186706695629,0.00013628670151906626,True,False
증산(명지대앞),33,336,267473,3676074,1.6506342922928425,0.09881327223280631,0.00012337693898075694,9.140185970140971e-05,True,False
고려대(종암),89,1464,267473,3676074,-1.6486187572783908,0.09922576350946768,0.0003327438657359808,0.0003982509601275709,False,False
대치,37,389,267473,3676074,1.5620628717057297,0.11827317839769719,0.00013833171946327292,0.0001058194149519297,True,False
오금,17,160,267473,3676074,1.4931513980769069,0.13539756096865996,6.355781705069297e-05,4.3524695095909385e-05,True,False
공릉(서울과학기술대),20,194,267473,3676074,1.4912958625902364,0.13588383472371407,7.477390241257996e-05,5.277369280379013e-05,True,False
신정네거리,39,418,267473,3676074,1.4890717024270108,0.13646848842874612,0.0001458091097045309,0.00011370826593806327,True,False
남구로,143,1728,267473,3676074,1.4804945410234498,0.13874131649558383,0.0005346334022499467,0.0004700667070358214,True,False
여의도,1385,18296,267473,3676074,1.4245764230724969,0.1542796793066934,0.005178092742071162,0.004977048884217238,True,False
연신내,144,1751,267473,3676074,1.4137240816212235,0.15744293178154978,0.0005383720973705758,0.00047632338195585834,True,False
양평,102,1215,267473,3676074,1.3891288188483857,0.16479358182351322,0.0003813469023041578,0.0003305156533845619,True,False
개롱,10,87,267473,3676074,1.381396300289897,0.1671571428301789,3.738695120628998e-05,2.3666552958400727e-05,True,False
신금호,41,702,267473,3676074,-1.370779492263324,0.17044370571637857,0.00015328649994578893,0.00019096459973330242,False,False
수서,70,1138,267473,3676074,-1.3656660872808393,0.17204379321687568,0.00026170865844402986,0.0003095693938696555,False,False
역촌,40,684,267473,3676074,-1.3459738564071717,0.17831094806270953,0.00014954780482515992,0.00018606807153501262,False,False
구산,16,155,267473,3676074,1.3387537170372212,0.18065086253249285,5.981912193006397e-05,4.216454837416222e-05,True,False
당고개,6,143,267473,3676074,-1.3377923211129488,0.18096414575859376,2.243217072377399e-05,3.8900196241969015e-05,False,False
이대,1295,17144,267473,3676074,1.3024243697417714,0.19277135635010556,0.004841610181214553,0.004663671079526691,True,False
남성,9,189,267473,3676074,-1.2519376664141257,0.2105925782941831,3.3648256085660985e-05,5.1413546082042965e-05,False,False
화곡,55,897,267473,3676074,-1.2336576957302672,0.2173304840181629,0.0002056282316345949,0.00024401032188144198,False,False
여의나루,2186,30857,267473,3676074,-1.211846774784674,0.2255710394770054,0.00817278753369499,0.008394009478590474,False,False
서초,231,2929,267473,3676074,1.179937569870825,0.23802504592545715,0.0008636385728652985,0.0007967739495994912,True,False
오목교(목동운동장앞),115,1415,267473,3676074,1.1417139866958719,0.2535729250891564,0.0004299499388723348,0.00038492152225444865,True,False
몽촌토성(평화의문),114,1749,267473,3676074,-1.1390174318386985,0.2546958836137344,0.0004262112437517058,0.0004757793232671595,False,False
망원,710,10198,267473,3676074,-1.137859964135309,0.2551789611700651,0.002654473535646589,0.0027741552536755245,False,False
화랑대(서울여대입구),11,208,267473,3676074,-1.0356954237779266,0.3003442579702078,4.112564632691898e-05,5.65821036246822e-05,False,False
방이,12,223,267473,3676074,-1.0219244223999877,0.3068166724004727,4.486434144754798e-05,6.0662543789923704e-05,False,False
상일동,18,193,267473,3676074,1.0099805648975526,0.3125046015341496,6.729651217132197e-05,5.25016634594407e-05,True,False
삼각지,1478,19769,267473,3676074,1.0098226158613657,0.3125802827856591,0.0055257913882896595,0.005377748108443954,True,False
학여울,24,268,267473,3676074,0.9763536210674234,0.328889256310281,8.972868289509596e-05,7.290386428564822e-05,True,False
애오개,156,2324,267473,3676074,-0.9751740047397507,0.3294739544150722,0.0005832364388181237,0.0006321961962680838,False,False
수락산,12,123,267473,3676074,0.9733246769513226,0.33039196162585915,4.486434144754798e-05,3.345960935498034e-05,True,False
일원,34,393,267473,3676074,0.9697665354964669,0.33216287692409563,0.00012711563410138595,0.00010690753232932743,True,False
석촌,58,702,267473,3676074,0.9309506957639367,0.35187906882551545,0.00021684431699648188,0.00019096459973330242,True,False
암사,30,483,267473,3676074,-0.8419098373092616,0.39983842351357113,0.00011216085361886994,0.00013139017332077646,False,False
구의(광진구청),142,2097,267473,3676074,-0.8290561647691719,0.407072626674876,0.0005308947071293177,0.0005704455351007624,False,False
응암,47,572,267473,3676074,0.8018685791317459,0.42262898339960875,0.0001757186706695629,0.00015560078496787606,True,False
보문,49,755,267473,3676074,-0.7759418906913894,0.4377832969711215,0.0001831960609108209,0.00020538215498382243,False,False
매봉,29,462,267473,3676074,-0.7722241596809374,0.43998167469554794,0.00010842215849824094,0.00012567755708943836,False,False
사가정,16,268,267473,3676074,-0.7699344307828928,0.4413387886389245,5.981912193006397e-05,7.290386428564822e-05,False,False
개화산,8,145,267473,3676074,-0.76436635872547,0.4446489505900053,2.9909560965031985e-05,3.944425493066788e-05,False,False
단대오거리,11,119,267473,3676074,0.7613454891011818,0.446450737054638,4.112564632691898e-05,3.237149197758261e-05,True,False
문정,86,1286,267473,3676074,-0.7577868431631163,0.4485785999952334,0.00032152778037409385,0.0003498297368333717,False,False
종합운동장,444,6332,267473,3676074,-0.7536376708183683,0.4510668177955546,0.001659980633559275,0.0017224898084206139,False,False
불광,152,1963,267473,3676074,0.7394967297223518,0.4596054248055117,0.0005682816583356077,0.0005339936029579383,True,False
석계,12,205,267473,3676074,-0.7338501307202959,0.46304008358997206,4.486434144754798e-05,5.57660155916339e-05,False,False
월곡(동덕여대),30,359,267473,3676074,0.7291488095151654,0.46591064050645303,0.00011216085361886994,9.765853462144669e-05,True,False
산성,13,145,267473,3676074,0.722520141932126,0.46997474635011116,4.8603036568176976e-05,3.944425493066788e-05,True,False
쌍문,35,543,267473,3676074,-0.6953378562921194,0.48684359538192024,0.00013085432922201493,0.00014771193398174247,False,False
잠실나루,91,1347,267473,3676074,-0.6852842999967563,0.49316453697080176,0.00034022125597723884,0.00036642352683868715,False,False
중화,6,108,267473,3676074,-0.6451833507645456,0.5188083742247078,2.243217072377399e-05,2.9379169189738836e-05,False,False
영등포시장,290,4144,267473,3676074,-0.6417020540091057,0.5210666553301109,0.0010842215849824095,0.0011272896029840532,False,False
장암,3,28,267473,3676074,0.6410126880352548,0.5215144394735871,1.1216085361886995e-05,7.616821641784142e-06,True,False
반포,55,822,267473,3676074,-0.6020985942016814,0.5471085102495541,0.0002056282316345949,0.00022360812105523447,False,False
복정,13,152,267473,3676074,0.5600299572962735,0.5754590042499885,4.8603036568176976e-05,4.134846034111392e-05,True,False
지축,15,178,267473,3676074,0.5466982448059057,0.5845860602586688,5.608042680943497e-05,4.8421223294199194e-05,True,False
신답,28,346,267473,3676074,0.5415451750296743,0.5881318689692042,0.00010468346337761194,9.412215314490404e-05,True,False
녹사평(용산구청),739,10363,267473,3676074,-0.5291150601122666,0.5967256348063694,0.0027628956941448297,0.002819040095493181,False,False
남위례,29,360,267473,3676074,0.5274972688579798,0.597848312536936,0.00010842215849824094,9.793056396579612e-05,True,False
디지털미디어시티,89,1291,267473,3676074,-0.49246024769676355,0.6223940173941425,0.0003327438657359808,0.00035118988355511884,False,False
상왕십리,209,2975,267473,3676074,-0.4904846997375541,0.6237909540487605,0.0007813872802114606,0.0008092872994395652,False,False
남태령,8,130,267473,3676074,-0.46040019159135037,0.6452289971929968,2.9909560965031985e-05,3.536381476542638e-05,False,False
천호(풍납토성),164,2333,267473,3676074,-0.4267442981045622,0.6695655816360622,0.0006131459997831557,0.0006346444603672288,False,False
군자(능동),167,2365,267473,3676074,-0.3742857140927491,0.7081917594676889,0.0006243620851450427,0.0006433493993864106,False,False
명일,10,155,267473,3676074,-0.3688151387700665,0.7122655198573808,3.738695120628998e-05,4.216454837416222e-05,False,False
먹골,14,174,267473,3676074,0.362228075512327,0.7171816008722371,5.234173168880597e-05,4.7333105916801455e-05,True,False
회현(남대문시장),5525,76281,267473,3676074,-0.3306517718307162,0.7409075354350046,0.020656290541475213,0.020750670416319148,False,False
도림천,3,50,267473,3676074,-0.3249039506055233,0.7452537668193722,1.1216085361886995e-05,1.3601467217471682e-05,False,False
도곡,20,255,267473,3676074,0.32328878748506984,0.7464765447673231,7.477390241257996e-05,6.936748280910559e-05,True,False
총신대입구(이수),80,1140,267473,3676074,-0.3128354394090949,0.7544056890271801,0.00029909560965031985,0.0003101134525583544,False,False
철산,62,818,267473,3676074,0.3102021385890244,0.7564072443353652,0.0002317990974789979,0.00022252000367783674,True,False
수진,20,256,267473,3676074,0.30646552722210657,0.7592502231865476,7.477390241257996e-05,6.963951215345502e-05,True,False
남한산성입구(성남법원.검찰청),7,108,267473,3676074,-0.29666405825572256,0.7667229996757072,2.6170865844402986e-05,2.9379169189738836e-05,False,False
동대문역사문화공원(DDP),16101,221752,267473,3676074,-0.26494893313587786,0.7910488016943379,0.060196730137247495,0.060323051168175615,False,False
영등포구청,271,3664,267473,3676074,0.2604910396500901,0.7944850261363101,0.0010131863776904585,0.0009967155176963248,True,False
한성대입구(삼선교),157,2198,267473,3676074,-0.22371577149647198,0.8229784730869842,0.0005869751339387527,0.0005979204988800552,False,False
하남시청(덕풍·신장),14,182,267473,3676074,0.200617152796374,0.8409979447549064,5.234173168880597e-05,4.9509340671596926e-05,True,False
서대문,610,8453,267473,3676074,-0.19666993378321304,0.8440858399086776,0.0022806040235836887,0.002299464047785763,False,False
방배,79,1062,267473,3676074,0.18971528351444056,0.8495322438003952,0.00029535691452969084,0.00028889516369909855,True,False
암사역사공원,2,24,267473,3676074,0.18448851526801752,0.853630236012896,7.477390241257996e-06,6.528704264386408e-06,True,False
홍대입구,19576,268759,267473,3676074,0.15030426156452897,0.880524570944187,0.07318869568143327,0.07311033455800944,True,False
금호,39,549,267473,3676074,-0.14456570361458604,0.8850537772628202,0.0001458091097045309,0.00014934411004783907,False,False
마천,9,118,267473,3676074,0.13627956346405315,0.8916002791409412,3.3648256085660985e-05,3.2099462633233174e-05,True,False
경찰병원,10,133,267473,3676074,0.10009137147418605,0.9202717854985578,3.738695120628998e-05,3.617990279847468e-05,True,False
행당,35,473,267473,3676074,0.09611035766890196,0.9234329251613069,0.00013085432922201493,0.00012866987987728213,True,False
양재(서초구청),492,6737,267473,3676074,0.07910145034542754,0.9369519299211944,0.001839437999349467,0.0018326616928821347,True,False
양천구청,9,121,267473,3676074,0.06372311289289402,0.9491907007186466,3.3648256085660985e-05,3.291555066628147e-05,True,False
동묘앞,1625,22370,267473,3676074,-0.06367534229694637,0.9492287388895928,0.006075379571022122,0.006085296433096831,False,False
굽은다리(강동구민회관앞),15,203,267473,3676074,0.05765552487350426,0.9540230207375633,5.608042680943497e-05,5.5221956902935035e-05,True,False
미아사거리,74,1018,267473,3676074,-0.007875903550337907,0.9937160031207845,0.00027666343892654584,0.00027692587254772344,False,False
